Model,Model_Name,Test_F1_Micro,Test_F1_Macro,Test_ROC_AUC,Test_Accuracy,Precision,Recall
ROBERTA,roberta-base,0.7234927234927235,0.3798485509368281,0.9795719034839728,0.9132199343479558,0.7457142857142857,0.702557200538358
HATEBERT,martin-ha/toxic-comment-model,0.1473205048624043,0.0957658855432722,0.9353224938378888,0.8893464637421665,0.3184257602862254,0.0958277254374158
BERT,bert-base-uncased,0.0744867430104198,0.0318609765341982,0.5011913231858656,0.2063264697105341,0.0460723629634356,0.1943472409152086
ELECTRA,google/electra-base-discriminator,0.057626251553022,0.04037768014927144,0.41850626296813265,0.00017905102954341988,0.03091126487249348,0.42449528936742936
