accuracy,precision_micro,recall_micro,f1_micro,precision_macro,recall_macro,f1_macro,roc_auc_micro,roc_auc_macro,precision_toxic,recall_toxic,f1_toxic,precision_severe_toxic,recall_severe_toxic,f1_severe_toxic,precision_obscene,recall_obscene,f1_obscene,precision_threat,recall_threat,f1_threat,precision_insult,recall_insult,f1_insult,precision_identity_hate,recall_identity_hate,f1_identity_hate
0.20632646971053417,0.04607236296343564,0.1943472409152086,0.07448674301041988,0.19697024878035205,0.1970702328761741,0.031860976534198227,0.5011913231858656,0.582678266189088,0.0858085808580858,0.0161892901618929,0.027239392352016764,0.014192139737991267,0.07428571428571429,0.02383134738771769,1.0,0.001122334455667789,0.002242152466367713,0.005149330587023687,0.2777777777777778,0.010111223458038422,0.05837875857218217,0.7933094384707288,0.10875440176889689,0.018292682926829267,0.019736842105263157,0.0189873417721519
