Class,Mean_F1,Std_F1,Min_F1,Max_F1,Range
threat,0.05313717291761135,0.07414596632178624,0.0,0.1967213114754098,0.1967213114754098
severe_toxic,0.05881005463998998,0.08914791003184193,0.0,0.2540983606557376,0.2540983606557376
identity_hate,0.08469282531794246,0.08321547845313443,0.0,0.2378378378378378,0.2378378378378378
insult,0.3858289446388523,0.2763670230617236,0.0930040667177462,0.7166197183098592,0.623615651592113
toxic,0.38843356472194984,0.349394559054813,0.007361963190184,0.7778481012658227,0.7704861380756387
obscene,0.4504151468115749,0.3403093030596558,0.0022421524663677,0.8104347826086956,0.8081926301423279
