accuracy,precision_micro,recall_micro,f1_micro,precision_macro,recall_macro,f1_macro,roc_auc_micro,roc_auc_macro,precision_toxic,recall_toxic,f1_toxic,precision_severe_toxic,recall_severe_toxic,f1_severe_toxic,precision_obscene,recall_obscene,f1_obscene,precision_threat,recall_threat,f1_threat,precision_insult,recall_insult,f1_insult,precision_identity_hate,recall_identity_hate,f1_identity_hate
0.00017905102954341988,0.03091126487249348,0.42449528936742936,0.057626251553022,0.062421002236563335,0.5168690034002731,0.04037768014927144,0.41850626296813265,0.5524723154156496,0.25,0.0037359900373599006,0.007361963190184049,0.01233616037008481,0.09142857142857143,0.021739130434782608,0.04583507743825869,0.7373737373737373,0.08630541871921182,0.003375694996028594,0.9444444444444444,0.006727344677483181,0.04891506509609424,0.942652329749104,0.09300406671774622,0.014064015518913677,0.3815789473684211,0.027128157156220765
