accuracy,precision_micro,recall_micro,f1_micro,precision_macro,recall_macro,f1_macro,roc_auc_micro,roc_auc_macro,precision_toxic,recall_toxic,f1_toxic,precision_severe_toxic,recall_severe_toxic,f1_severe_toxic,precision_obscene,recall_obscene,f1_obscene,precision_threat,recall_threat,f1_threat,precision_insult,recall_insult,f1_insult,precision_identity_hate,recall_identity_hate,f1_identity_hate
0.91727842435094,0.8926713947990543,0.5082099596231494,0.6476843910806176,0.7808595291703636,0.3456888618781438,0.455190233430357,0.9762571356659818,0.9744545806297168,0.9273684210526316,0.5485678704856787,0.689358372456964,0.4492753623188406,0.17714285714285713,0.25409836065573765,0.9388794567062818,0.6206509539842873,0.7472972972972972,0.8571428571428571,0.1111111111111111,0.19672131147540986,0.8458244111349036,0.47192353643966545,0.6058282208588956,0.6666666666666666,0.14473684210526316,0.23783783783783782
