accuracy,precision_micro,recall_micro,f1_micro,precision_macro,recall_macro,f1_macro,roc_auc_micro,roc_auc_macro,precision_toxic,recall_toxic,f1_toxic,precision_severe_toxic,recall_severe_toxic,f1_severe_toxic,precision_obscene,recall_obscene,f1_obscene,precision_threat,recall_threat,f1_threat,precision_insult,recall_insult,f1_insult,precision_identity_hate,recall_identity_hate,f1_identity_hate
0.8893464637421665,0.3184257602862254,0.09582772543741588,0.1473205048624043,0.2548168138916471,0.07753644663487211,0.0957658855432722,0.9353224938378888,0.897664781308872,0.7425742574257426,0.046699875466998754,0.08787346221441125,0.0,0.0,0.0,0.3577981651376147,0.21885521885521886,0.27158774373259054,0.0,0.0,0.0,0.3655913978494624,0.08124253285543608,0.13294232649071358,0.06293706293706294,0.11842105263157894,0.0821917808219178
