accuracy,precision_micro,recall_micro,f1_micro,precision_macro,recall_macro,f1_macro,roc_auc_micro,roc_auc_macro,precision_toxic,recall_toxic,f1_toxic,precision_severe_toxic,recall_severe_toxic,f1_severe_toxic,precision_obscene,recall_obscene,f1_obscene,precision_threat,recall_threat,f1_threat,precision_insult,recall_insult,f1_insult,precision_identity_hate,recall_identity_hate,f1_identity_hate
0.9138167711131006,0.8097768331562167,0.615343203230148,0.6992964209238298,0.750214249996234,0.36784215855352603,0.418274382453994,0.9680505138458004,0.947407353790724,0.8334630350194553,0.6668742216687422,0.7409200968523002,0.38461538461538464,0.02857142857142857,0.05319148936170213,0.8381294964028777,0.7845117845117845,0.8104347826086956,1.0,0.05555555555555555,0.10526315789473684,0.7391952309985097,0.5925925925925926,0.6578249336870026,0.7058823529411765,0.07894736842105263,0.1420118343195266
