accuracy,precision_micro,recall_micro,f1_micro,precision_macro,recall_macro,f1_macro,roc_auc_micro,roc_auc_macro,precision_toxic,recall_toxic,f1_toxic,precision_severe_toxic,recall_severe_toxic,f1_severe_toxic,precision_obscene,recall_obscene,f1_obscene,precision_threat,recall_threat,f1_threat,precision_insult,recall_insult,f1_insult,precision_identity_hate,recall_identity_hate,f1_identity_hate
0.9132199343479558,0.7457142857142857,0.702557200538358,0.7234927234927235,0.3679979953300849,0.3935418488249047,0.3798485509368281,0.9795719034839727,0.9288897593724034,0.7908622908622909,0.7652552926525529,0.7778481012658227,0.0,0.0,0.0,0.7390873015873016,0.8361391694725028,0.784623486045287,0.0,0.0,0.0,0.6780383795309168,0.7598566308243727,0.7166197183098592,0.0,0.0,0.0
